SKU;Title;Category;Photo
0333-1 Коричневый;0333-1 Коричневый;Люстры;https://raw.githubusercontent.com/Mitsuya196/usveta-photos/main/photos/0333-1-korichnevyy_01.jpg https://raw.githubusercontent.com/Mitsuya196/usveta-photos/main/photos/0333-1-korichnevyy_02.jpg https://raw.githubusercontent.com/Mitsuya196/usveta-photos/main/photos/0333-1-korichnevyy_03.jpg https://raw.githubusercontent.com/Mitsuya196/usveta-photos/main/photos/0333-1-korichnevyy_04.jpg https://raw.githubusercontent.com/Mitsuya196/usveta-photos/main/photos/0333-1-korichnevyy_05.jpg https://raw.githubusercontent.com/Mitsuya196/usveta-photos/main/photos/0333-1-korichnevyy_06.jpg https://raw.githubusercontent.com/Mitsuya196/usveta-photos/main/photos/0333-1-korichnevyy_07.jpg https://raw.githubusercontent.com/Mitsuya196/usveta-photos/main/photos/0333-1-korichnevyy_08.jpg
0333-1 Прозрачный;0333-1 Прозрачный;Люстры;https://raw.githubusercontent.com/Mitsuya196/usveta-photos/main/photos/0333-1-prozrachnyy_01.jpg https://raw.githubusercontent.com/Mitsuya196/usveta-photos/main/photos/0333-1-prozrachnyy_02.jpg https://raw.githubusercontent.com/Mitsuya196/usveta-photos/main/photos/0333-1-prozrachnyy_03.jpg https://raw.githubusercontent.com/Mitsuya196/usveta-photos/main/photos/0333-1-prozrachnyy_04.jpg https://raw.githubusercontent.com/Mitsuya196/usveta-photos/main/photos/0333-1-prozrachnyy_05.jpg https://raw.githubusercontent.com/Mitsuya196/usveta-photos/main/photos/0333-1-prozrachnyy_06.jpg https://raw.githubusercontent.com/Mitsuya196/usveta-photos/main/photos/0333-1-prozrachnyy_07.jpg https://raw.githubusercontent.com/Mitsuya196/usveta-photos/main/photos/0333-1-prozrachnyy_08.jpg https://raw.githubusercontent.com/Mitsuya196/usveta-photos/main/photos/0333-1-prozrachnyy_09.jpg
0335-1 Зеленый;0335-1 Зеленый;Люстры;https://raw.githubusercontent.com/Mitsuya196/usveta-photos/main/photos/0335-1-zelenyy_01.jpg https://raw.githubusercontent.com/Mitsuya196/usveta-photos/main/photos/0335-1-zelenyy_02.jpg https://raw.githubusercontent.com/Mitsuya196/usveta-photos/main/photos/0335-1-zelenyy_03.jpg https://raw.githubusercontent.com/Mitsuya196/usveta-photos/main/photos/0335-1-zelenyy_04.jpg https://raw.githubusercontent.com/Mitsuya196/usveta-photos/main/photos/0335-1-zelenyy_05.jpg
0335-1 Коричневый;0335-1 Коричневый;Люстры;https://raw.githubusercontent.com/Mitsuya196/usveta-photos/main/photos/0335-1-korichnevyy_01.jpg https://raw.githubusercontent.com/Mitsuya196/usveta-photos/main/photos/0335-1-korichnevyy_02.jpg https://raw.githubusercontent.com/Mitsuya196/usveta-photos/main/photos/0335-1-korichnevyy_03.jpg https://raw.githubusercontent.com/Mitsuya196/usveta-photos/main/photos/0335-1-korichnevyy_04.jpg https://raw.githubusercontent.com/Mitsuya196/usveta-photos/main/photos/0335-1-korichnevyy_05.jpg https://raw.githubusercontent.com/Mitsuya196/usveta-photos/main/photos/0335-1-korichnevyy_06.jpg https://raw.githubusercontent.com/Mitsuya196/usveta-photos/main/photos/0335-1-korichnevyy_07.jpg https://raw.githubusercontent.com/Mitsuya196/usveta-photos/main/photos/0335-1-korichnevyy_08.jpg https://raw.githubusercontent.com/Mitsuya196/usveta-photos/main/photos/0335-1-korichnevyy_09.jpg
0335-1 Розовый;0335-1 Розовый;Люстры;https://raw.githubusercontent.com/Mitsuya196/usveta-photos/main/photos/0335-1-rozovyy_01.jpg https://raw.githubusercontent.com/Mitsuya196/usveta-photos/main/photos/0335-1-rozovyy_02.jpg https://raw.githubusercontent.com/Mitsuya196/usveta-photos/main/photos/0335-1-rozovyy_03.jpg https://raw.githubusercontent.com/Mitsuya196/usveta-photos/main/photos/0335-1-rozovyy_04.jpg https://raw.githubusercontent.com/Mitsuya196/usveta-photos/main/photos/0335-1-rozovyy_05.jpg
0335-1 Синий;0335-1 Синий;Люстры;https://raw.githubusercontent.com/Mitsuya196/usveta-photos/main/photos/0335-1-siniy_01.jpg https://raw.githubusercontent.com/Mitsuya196/usveta-photos/main/photos/0335-1-siniy_02.jpg https://raw.githubusercontent.com/Mitsuya196/usveta-photos/main/photos/0335-1-siniy_03.jpg https://raw.githubusercontent.com/Mitsuya196/usveta-photos/main/photos/0335-1-siniy_04.jpg https://raw.githubusercontent.com/Mitsuya196/usveta-photos/main/photos/0335-1-siniy_05.jpg
0335-1 прозрачный;0335-1 прозрачный;Люстры;https://raw.githubusercontent.com/Mitsuya196/usveta-photos/main/photos/0335-1-prozrachnyy_01.jpg https://raw.githubusercontent.com/Mitsuya196/usveta-photos/main/photos/0335-1-prozrachnyy_02.jpg https://raw.githubusercontent.com/Mitsuya196/usveta-photos/main/photos/0335-1-prozrachnyy_03.jpg https://raw.githubusercontent.com/Mitsuya196/usveta-photos/main/photos/0335-1-prozrachnyy_04.jpg https://raw.githubusercontent.com/Mitsuya196/usveta-photos/main/photos/0335-1-prozrachnyy_05.jpg https://raw.githubusercontent.com/Mitsuya196/usveta-photos/main/photos/0335-1-prozrachnyy_06.jpg https://raw.githubusercontent.com/Mitsuya196/usveta-photos/main/photos/0335-1-prozrachnyy_07.jpg https://raw.githubusercontent.com/Mitsuya196/usveta-photos/main/photos/0335-1-prozrachnyy_08.jpg https://raw.githubusercontent.com/Mitsuya196/usveta-photos/main/photos/0335-1-prozrachnyy_09.jpg
0336-1 Коричневый;0336-1 Коричневый;Люстры;https://raw.githubusercontent.com/Mitsuya196/usveta-photos/main/photos/0336-1-korichnevyy_01.jpg https://raw.githubusercontent.com/Mitsuya196/usveta-photos/main/photos/0336-1-korichnevyy_02.jpg https://raw.githubusercontent.com/Mitsuya196/usveta-photos/main/photos/0336-1-korichnevyy_03.jpg https://raw.githubusercontent.com/Mitsuya196/usveta-photos/main/photos/0336-1-korichnevyy_04.jpg https://raw.githubusercontent.com/Mitsuya196/usveta-photos/main/photos/0336-1-korichnevyy_05.jpg https://raw.githubusercontent.com/Mitsuya196/usveta-photos/main/photos/0336-1-korichnevyy_06.jpg https://raw.githubusercontent.com/Mitsuya196/usveta-photos/main/photos/0336-1-korichnevyy_07.jpg https://raw.githubusercontent.com/Mitsuya196/usveta-photos/main/photos/0336-1-korichnevyy_08.jpg https://raw.githubusercontent.com/Mitsuya196/usveta-photos/main/photos/0336-1-korichnevyy_09.jpg https://raw.githubusercontent.com/Mitsuya196/usveta-photos/main/photos/0336-1-korichnevyy_10.jpg
0336-1 прозрачный;0336-1 прозрачный;Люстры;https://raw.githubusercontent.com/Mitsuya196/usveta-photos/main/photos/0336-1-prozrachnyy_01.jpg https://raw.githubusercontent.com/Mitsuya196/usveta-photos/main/photos/0336-1-prozrachnyy_02.jpg https://raw.githubusercontent.com/Mitsuya196/usveta-photos/main/photos/0336-1-prozrachnyy_03.jpg https://raw.githubusercontent.com/Mitsuya196/usveta-photos/main/photos/0336-1-prozrachnyy_04.jpg https://raw.githubusercontent.com/Mitsuya196/usveta-photos/main/photos/0336-1-prozrachnyy_05.jpg https://raw.githubusercontent.com/Mitsuya196/usveta-photos/main/photos/0336-1-prozrachnyy_06.jpg https://raw.githubusercontent.com/Mitsuya196/usveta-photos/main/photos/0336-1-prozrachnyy_07.jpg https://raw.githubusercontent.com/Mitsuya196/usveta-photos/main/photos/0336-1-prozrachnyy_08.jpg https://raw.githubusercontent.com/Mitsuya196/usveta-photos/main/photos/0336-1-prozrachnyy_09.jpg
0336-1 синий;0336-1 синий;Люстры;https://raw.githubusercontent.com/Mitsuya196/usveta-photos/main/photos/0336-1-siniy_01.jpg https://raw.githubusercontent.com/Mitsuya196/usveta-photos/main/photos/0336-1-siniy_02.jpg https://raw.githubusercontent.com/Mitsuya196/usveta-photos/main/photos/0336-1-siniy_03.jpg https://raw.githubusercontent.com/Mitsuya196/usveta-photos/main/photos/0336-1-siniy_04.jpg
0340-1 Золото+Коричневый;0340-1 Золото+Коричневый;Люстры;https://raw.githubusercontent.com/Mitsuya196/usveta-photos/main/photos/0340-1-zoloto-korichnevyy_01.jpg https://raw.githubusercontent.com/Mitsuya196/usveta-photos/main/photos/0340-1-zoloto-korichnevyy_02.jpg https://raw.githubusercontent.com/Mitsuya196/usveta-photos/main/photos/0340-1-zoloto-korichnevyy_03.jpg https://raw.githubusercontent.com/Mitsuya196/usveta-photos/main/photos/0340-1-zoloto-korichnevyy_04.jpg https://raw.githubusercontent.com/Mitsuya196/usveta-photos/main/photos/0340-1-zoloto-korichnevyy_05.jpg https://raw.githubusercontent.com/Mitsuya196/usveta-photos/main/photos/0340-1-zoloto-korichnevyy_06.jpg https://raw.githubusercontent.com/Mitsuya196/usveta-photos/main/photos/0340-1-zoloto-korichnevyy_07.jpg https://raw.githubusercontent.com/Mitsuya196/usveta-photos/main/photos/0340-1-zoloto-korichnevyy_08.jpg https://raw.githubusercontent.com/Mitsuya196/usveta-photos/main/photos/0340-1-zoloto-korichnevyy_09.jpg
0340-1 Хром+Прозрачный;0340-1 Хром+Прозрачный;Люстры;https://raw.githubusercontent.com/Mitsuya196/usveta-photos/main/photos/0340-1-hrom-prozrachnyy_01.jpg https://raw.githubusercontent.com/Mitsuya196/usveta-photos/main/photos/0340-1-hrom-prozrachnyy_02.jpg https://raw.githubusercontent.com/Mitsuya196/usveta-photos/main/photos/0340-1-hrom-prozrachnyy_03.jpg https://raw.githubusercontent.com/Mitsuya196/usveta-photos/main/photos/0340-1-hrom-prozrachnyy_04.jpg https://raw.githubusercontent.com/Mitsuya196/usveta-photos/main/photos/0340-1-hrom-prozrachnyy_05.jpg https://raw.githubusercontent.com/Mitsuya196/usveta-photos/main/photos/0340-1-hrom-prozrachnyy_06.jpg https://raw.githubusercontent.com/Mitsuya196/usveta-photos/main/photos/0340-1-hrom-prozrachnyy_07.jpg https://raw.githubusercontent.com/Mitsuya196/usveta-photos/main/photos/0340-1-hrom-prozrachnyy_08.jpg https://raw.githubusercontent.com/Mitsuya196/usveta-photos/main/photos/0340-1-hrom-prozrachnyy_09.jpg
1016-3 Белый;1016-3 Белый;Люстры;https://raw.githubusercontent.com/Mitsuya196/usveta-photos/main/photos/1016-3-belyy_01.jpg https://raw.githubusercontent.com/Mitsuya196/usveta-photos/main/photos/1016-3-belyy_02.jpg https://raw.githubusercontent.com/Mitsuya196/usveta-photos/main/photos/1016-3-belyy_03.jpg https://raw.githubusercontent.com/Mitsuya196/usveta-photos/main/photos/1016-3-belyy_04.jpg https://raw.githubusercontent.com/Mitsuya196/usveta-photos/main/photos/1016-3-belyy_05.jpg https://raw.githubusercontent.com/Mitsuya196/usveta-photos/main/photos/1016-3-belyy_06.jpg https://raw.githubusercontent.com/Mitsuya196/usveta-photos/main/photos/1016-3-belyy_07.jpg https://raw.githubusercontent.com/Mitsuya196/usveta-photos/main/photos/1016-3-belyy_08.jpg
1016-3 Черный;1016-3 Черный;Люстры;https://raw.githubusercontent.com/Mitsuya196/usveta-photos/main/photos/1016-3-chernyy_01.jpg https://raw.githubusercontent.com/Mitsuya196/usveta-photos/main/photos/1016-3-chernyy_02.jpg https://raw.githubusercontent.com/Mitsuya196/usveta-photos/main/photos/1016-3-chernyy_03.jpg https://raw.githubusercontent.com/Mitsuya196/usveta-photos/main/photos/1016-3-chernyy_04.jpg https://raw.githubusercontent.com/Mitsuya196/usveta-photos/main/photos/1016-3-chernyy_05.jpg https://raw.githubusercontent.com/Mitsuya196/usveta-photos/main/photos/1016-3-chernyy_06.jpg https://raw.githubusercontent.com/Mitsuya196/usveta-photos/main/photos/1016-3-chernyy_07.jpg https://raw.githubusercontent.com/Mitsuya196/usveta-photos/main/photos/1016-3-chernyy_08.jpg
1016-5 Белый;1016-5 Белый;Люстры;https://raw.githubusercontent.com/Mitsuya196/usveta-photos/main/photos/1016-5-belyy_01.jpg https://raw.githubusercontent.com/Mitsuya196/usveta-photos/main/photos/1016-5-belyy_02.jpg https://raw.githubusercontent.com/Mitsuya196/usveta-photos/main/photos/1016-5-belyy_03.jpg https://raw.githubusercontent.com/Mitsuya196/usveta-photos/main/photos/1016-5-belyy_04.jpg https://raw.githubusercontent.com/Mitsuya196/usveta-photos/main/photos/1016-5-belyy_05.jpg https://raw.githubusercontent.com/Mitsuya196/usveta-photos/main/photos/1016-5-belyy_06.jpg https://raw.githubusercontent.com/Mitsuya196/usveta-photos/main/photos/1016-5-belyy_07.jpg https://raw.githubusercontent.com/Mitsuya196/usveta-photos/main/photos/1016-5-belyy_08.jpg
1016-5 Черный;1016-5 Черный;Люстры;https://raw.githubusercontent.com/Mitsuya196/usveta-photos/main/photos/1016-5-chernyy_01.jpg https://raw.githubusercontent.com/Mitsuya196/usveta-photos/main/photos/1016-5-chernyy_02.jpg https://raw.githubusercontent.com/Mitsuya196/usveta-photos/main/photos/1016-5-chernyy_03.jpg https://raw.githubusercontent.com/Mitsuya196/usveta-photos/main/photos/1016-5-chernyy_04.jpg https://raw.githubusercontent.com/Mitsuya196/usveta-photos/main/photos/1016-5-chernyy_05.jpg https://raw.githubusercontent.com/Mitsuya196/usveta-photos/main/photos/1016-5-chernyy_06.jpg https://raw.githubusercontent.com/Mitsuya196/usveta-photos/main/photos/1016-5-chernyy_07.jpg https://raw.githubusercontent.com/Mitsuya196/usveta-photos/main/photos/1016-5-chernyy_08.jpg
1019-3 Белый+Прозрачный;1019-3 Белый+Прозрачный;Люстры;https://raw.githubusercontent.com/Mitsuya196/usveta-photos/main/photos/1019-3-belyy-prozrachnyy_01.jpg https://raw.githubusercontent.com/Mitsuya196/usveta-photos/main/photos/1019-3-belyy-prozrachnyy_02.jpg https://raw.githubusercontent.com/Mitsuya196/usveta-photos/main/photos/1019-3-belyy-prozrachnyy_03.jpg https://raw.githubusercontent.com/Mitsuya196/usveta-photos/main/photos/1019-3-belyy-prozrachnyy_04.jpg https://raw.githubusercontent.com/Mitsuya196/usveta-photos/main/photos/1019-3-belyy-prozrachnyy_05.jpg https://raw.githubusercontent.com/Mitsuya196/usveta-photos/main/photos/1019-3-belyy-prozrachnyy_06.jpg https://raw.githubusercontent.com/Mitsuya196/usveta-photos/main/photos/1019-3-belyy-prozrachnyy_07.jpg https://raw.githubusercontent.com/Mitsuya196/usveta-photos/main/photos/1019-3-belyy-prozrachnyy_08.jpg
1019-3 Черный+Белый;1019-3 Черный+Белый;Люстры;https://raw.githubusercontent.com/Mitsuya196/usveta-photos/main/photos/1019-3-chernyy-belyy_01.jpg https://raw.githubusercontent.com/Mitsuya196/usveta-photos/main/photos/1019-3-chernyy-belyy_02.jpg https://raw.githubusercontent.com/Mitsuya196/usveta-photos/main/photos/1019-3-chernyy-belyy_03.jpg https://raw.githubusercontent.com/Mitsuya196/usveta-photos/main/photos/1019-3-chernyy-belyy_04.jpg https://raw.githubusercontent.com/Mitsuya196/usveta-photos/main/photos/1019-3-chernyy-belyy_05.jpg https://raw.githubusercontent.com/Mitsuya196/usveta-photos/main/photos/1019-3-chernyy-belyy_06.jpg https://raw.githubusercontent.com/Mitsuya196/usveta-photos/main/photos/1019-3-chernyy-belyy_07.jpg https://raw.githubusercontent.com/Mitsuya196/usveta-photos/main/photos/1019-3-chernyy-belyy_08.jpg
1019-5 Белый+Прозрачный;1019-5 Белый+Прозрачный;Люстры;https://raw.githubusercontent.com/Mitsuya196/usveta-photos/main/photos/1019-5-belyy-prozrachnyy_01.jpg https://raw.githubusercontent.com/Mitsuya196/usveta-photos/main/photos/1019-5-belyy-prozrachnyy_02.jpg https://raw.githubusercontent.com/Mitsuya196/usveta-photos/main/photos/1019-5-belyy-prozrachnyy_03.jpg https://raw.githubusercontent.com/Mitsuya196/usveta-photos/main/photos/1019-5-belyy-prozrachnyy_04.jpg https://raw.githubusercontent.com/Mitsuya196/usveta-photos/main/photos/1019-5-belyy-prozrachnyy_05.jpg https://raw.githubusercontent.com/Mitsuya196/usveta-photos/main/photos/1019-5-belyy-prozrachnyy_06.jpg https://raw.githubusercontent.com/Mitsuya196/usveta-photos/main/photos/1019-5-belyy-prozrachnyy_07.jpg https://raw.githubusercontent.com/Mitsuya196/usveta-photos/main/photos/1019-5-belyy-prozrachnyy_08.jpg https://raw.githubusercontent.com/Mitsuya196/usveta-photos/main/photos/1019-5-belyy-prozrachnyy_09.jpg
1019-5 Черный+Белый;1019-5 Черный+Белый;Люстры;https://raw.githubusercontent.com/Mitsuya196/usveta-photos/main/photos/1019-5-chernyy-belyy_01.jpg https://raw.githubusercontent.com/Mitsuya196/usveta-photos/main/photos/1019-5-chernyy-belyy_02.jpg https://raw.githubusercontent.com/Mitsuya196/usveta-photos/main/photos/1019-5-chernyy-belyy_03.jpg https://raw.githubusercontent.com/Mitsuya196/usveta-photos/main/photos/1019-5-chernyy-belyy_04.jpg https://raw.githubusercontent.com/Mitsuya196/usveta-photos/main/photos/1019-5-chernyy-belyy_05.jpg https://raw.githubusercontent.com/Mitsuya196/usveta-photos/main/photos/1019-5-chernyy-belyy_06.jpg https://raw.githubusercontent.com/Mitsuya196/usveta-photos/main/photos/1019-5-chernyy-belyy_07.jpg https://raw.githubusercontent.com/Mitsuya196/usveta-photos/main/photos/1019-5-chernyy-belyy_08.jpg
1009-3 белый;1009-3 белый;Плафоны;https://raw.githubusercontent.com/Mitsuya196/usveta-photos/main/photos/1009-3-belyy_01.jpg https://raw.githubusercontent.com/Mitsuya196/usveta-photos/main/photos/1009-3-belyy_02.jpg https://raw.githubusercontent.com/Mitsuya196/usveta-photos/main/photos/1009-3-belyy_03.jpg https://raw.githubusercontent.com/Mitsuya196/usveta-photos/main/photos/1009-3-belyy_04.jpg
1009-5 белый;1009-5 белый;Плафоны;https://raw.githubusercontent.com/Mitsuya196/usveta-photos/main/photos/1009-5-belyy_01.jpg https://raw.githubusercontent.com/Mitsuya196/usveta-photos/main/photos/1009-5-belyy_02.jpg https://raw.githubusercontent.com/Mitsuya196/usveta-photos/main/photos/1009-5-belyy_03.jpg https://raw.githubusercontent.com/Mitsuya196/usveta-photos/main/photos/1009-5-belyy_04.jpg
1010-3 белый;1010-3 белый;Плафоны;https://raw.githubusercontent.com/Mitsuya196/usveta-photos/main/photos/1010-3-belyy_01.jpg https://raw.githubusercontent.com/Mitsuya196/usveta-photos/main/photos/1010-3-belyy_02.jpg https://raw.githubusercontent.com/Mitsuya196/usveta-photos/main/photos/1010-3-belyy_03.jpg https://raw.githubusercontent.com/Mitsuya196/usveta-photos/main/photos/1010-3-belyy_04.jpg
1010-3 коричневый;1010-3 коричневый;Плафоны;https://raw.githubusercontent.com/Mitsuya196/usveta-photos/main/photos/1010-3-korichnevyy_01.jpg https://raw.githubusercontent.com/Mitsuya196/usveta-photos/main/photos/1010-3-korichnevyy_02.jpg https://raw.githubusercontent.com/Mitsuya196/usveta-photos/main/photos/1010-3-korichnevyy_03.jpg
1010-3 прозрачный;1010-3 прозрачный;Плафоны;https://raw.githubusercontent.com/Mitsuya196/usveta-photos/main/photos/1010-3-prozrachnyy_01.jpg https://raw.githubusercontent.com/Mitsuya196/usveta-photos/main/photos/1010-3-prozrachnyy_02.jpg https://raw.githubusercontent.com/Mitsuya196/usveta-photos/main/photos/1010-3-prozrachnyy_03.jpg
1010-5 белый;1010-5 белый;Плафоны;https://raw.githubusercontent.com/Mitsuya196/usveta-photos/main/photos/1010-5-belyy_01.jpg https://raw.githubusercontent.com/Mitsuya196/usveta-photos/main/photos/1010-5-belyy_02.jpg https://raw.githubusercontent.com/Mitsuya196/usveta-photos/main/photos/1010-5-belyy_03.jpg
1010-5 прозрачный;1010-5 прозрачный;Плафоны;https://raw.githubusercontent.com/Mitsuya196/usveta-photos/main/photos/1010-5-prozrachnyy_01.jpg https://raw.githubusercontent.com/Mitsuya196/usveta-photos/main/photos/1010-5-prozrachnyy_02.jpg https://raw.githubusercontent.com/Mitsuya196/usveta-photos/main/photos/1010-5-prozrachnyy_03.jpg
1110-3 белый;1110-3 белый;Плафоны;https://raw.githubusercontent.com/Mitsuya196/usveta-photos/main/photos/1110-3-belyy_01.jpg https://raw.githubusercontent.com/Mitsuya196/usveta-photos/main/photos/1110-3-belyy_02.jpg https://raw.githubusercontent.com/Mitsuya196/usveta-photos/main/photos/1110-3-belyy_03.jpg
1110-3 прозрачный;1110-3 прозрачный;Плафоны;https://raw.githubusercontent.com/Mitsuya196/usveta-photos/main/photos/1110-3-prozrachnyy_01.jpg https://raw.githubusercontent.com/Mitsuya196/usveta-photos/main/photos/1110-3-prozrachnyy_02.jpg https://raw.githubusercontent.com/Mitsuya196/usveta-photos/main/photos/1110-3-prozrachnyy_03.jpg https://raw.githubusercontent.com/Mitsuya196/usveta-photos/main/photos/1110-3-prozrachnyy_04.jpg
1110ПЛ-5 Белый;1110ПЛ-5 Белый;Плафоны;https://raw.githubusercontent.com/Mitsuya196/usveta-photos/main/photos/1110pl-5-belyy_01.jpg https://raw.githubusercontent.com/Mitsuya196/usveta-photos/main/photos/1110pl-5-belyy_02.jpg https://raw.githubusercontent.com/Mitsuya196/usveta-photos/main/photos/1110pl-5-belyy_03.jpg https://raw.githubusercontent.com/Mitsuya196/usveta-photos/main/photos/1110pl-5-belyy_04.jpg
1110ПЛ-5 Прозрачный;1110ПЛ-5 Прозрачный;Плафоны;https://raw.githubusercontent.com/Mitsuya196/usveta-photos/main/photos/1110pl-5-prozrachnyy_01.jpg https://raw.githubusercontent.com/Mitsuya196/usveta-photos/main/photos/1110pl-5-prozrachnyy_02.jpg https://raw.githubusercontent.com/Mitsuya196/usveta-photos/main/photos/1110pl-5-prozrachnyy_03.jpg https://raw.githubusercontent.com/Mitsuya196/usveta-photos/main/photos/1110pl-5-prozrachnyy_04.jpg
1111ПЛ-3 Прозрачный;1111ПЛ-3 Прозрачный;Плафоны;https://raw.githubusercontent.com/Mitsuya196/usveta-photos/main/photos/1111pl-3-prozrachnyy_01.jpg https://raw.githubusercontent.com/Mitsuya196/usveta-photos/main/photos/1111pl-3-prozrachnyy_02.jpg https://raw.githubusercontent.com/Mitsuya196/usveta-photos/main/photos/1111pl-3-prozrachnyy_03.jpg
1113ПЛ-1 Белый;1113ПЛ-1 Белый;Плафоны;https://raw.githubusercontent.com/Mitsuya196/usveta-photos/main/photos/1113pl-1-belyy_01.jpg https://raw.githubusercontent.com/Mitsuya196/usveta-photos/main/photos/1113pl-1-belyy_02.jpg https://raw.githubusercontent.com/Mitsuya196/usveta-photos/main/photos/1113pl-1-belyy_03.jpg https://raw.githubusercontent.com/Mitsuya196/usveta-photos/main/photos/1113pl-1-belyy_04.jpg
1113ПЛ-3 Белый;1113ПЛ-3 Белый;Плафоны;https://raw.githubusercontent.com/Mitsuya196/usveta-photos/main/photos/1113pl-3-belyy_01.jpg https://raw.githubusercontent.com/Mitsuya196/usveta-photos/main/photos/1113pl-3-belyy_02.jpg https://raw.githubusercontent.com/Mitsuya196/usveta-photos/main/photos/1113pl-3-belyy_03.jpg https://raw.githubusercontent.com/Mitsuya196/usveta-photos/main/photos/1113pl-3-belyy_04.jpg
1113ПЛ-3 Прозрачный;1113ПЛ-3 Прозрачный;Плафоны;https://raw.githubusercontent.com/Mitsuya196/usveta-photos/main/photos/1113pl-3-prozrachnyy_01.jpg https://raw.githubusercontent.com/Mitsuya196/usveta-photos/main/photos/1113pl-3-prozrachnyy_02.jpg https://raw.githubusercontent.com/Mitsuya196/usveta-photos/main/photos/1113pl-3-prozrachnyy_03.jpg
1113ПЛ-5 Белый;1113ПЛ-5 Белый;Плафоны;https://raw.githubusercontent.com/Mitsuya196/usveta-photos/main/photos/1113pl-5-belyy_01.jpg https://raw.githubusercontent.com/Mitsuya196/usveta-photos/main/photos/1113pl-5-belyy_02.jpg https://raw.githubusercontent.com/Mitsuya196/usveta-photos/main/photos/1113pl-5-belyy_03.jpg
1113ПЛ-5 Прозрачный;1113ПЛ-5 Прозрачный;Плафоны;https://raw.githubusercontent.com/Mitsuya196/usveta-photos/main/photos/1113pl-5-prozrachnyy_01.jpg https://raw.githubusercontent.com/Mitsuya196/usveta-photos/main/photos/1113pl-5-prozrachnyy_02.jpg https://raw.githubusercontent.com/Mitsuya196/usveta-photos/main/photos/1113pl-5-prozrachnyy_03.jpg
1311ПЛ-1 Белый;1311ПЛ-1 Белый;Плафоны;https://raw.githubusercontent.com/Mitsuya196/usveta-photos/main/photos/1311pl-1-belyy_01.jpg https://raw.githubusercontent.com/Mitsuya196/usveta-photos/main/photos/1311pl-1-belyy_02.jpg https://raw.githubusercontent.com/Mitsuya196/usveta-photos/main/photos/1311pl-1-belyy_03.jpg
1311ПЛ-1 Прозрачный;1311ПЛ-1 Прозрачный;Плафоны;https://raw.githubusercontent.com/Mitsuya196/usveta-photos/main/photos/1311pl-1-prozrachnyy_01.jpg https://raw.githubusercontent.com/Mitsuya196/usveta-photos/main/photos/1311pl-1-prozrachnyy_02.jpg https://raw.githubusercontent.com/Mitsuya196/usveta-photos/main/photos/1311pl-1-prozrachnyy_03.jpg
1311ПЛ-3 Белый;1311ПЛ-3 Белый;Плафоны;https://raw.githubusercontent.com/Mitsuya196/usveta-photos/main/photos/1311pl-3-belyy_01.jpg https://raw.githubusercontent.com/Mitsuya196/usveta-photos/main/photos/1311pl-3-belyy_02.jpg https://raw.githubusercontent.com/Mitsuya196/usveta-photos/main/photos/1311pl-3-belyy_03.jpg
1311ПЛ-3 Прозрачный;1311ПЛ-3 Прозрачный;Плафоны;https://raw.githubusercontent.com/Mitsuya196/usveta-photos/main/photos/1311pl-3-prozrachnyy_01.jpg https://raw.githubusercontent.com/Mitsuya196/usveta-photos/main/photos/1311pl-3-prozrachnyy_02.jpg https://raw.githubusercontent.com/Mitsuya196/usveta-photos/main/photos/1311pl-3-prozrachnyy_03.jpg
1311ПЛ-5 Белый;1311ПЛ-5 Белый;Плафоны;https://raw.githubusercontent.com/Mitsuya196/usveta-photos/main/photos/1311pl-5-belyy_01.jpg https://raw.githubusercontent.com/Mitsuya196/usveta-photos/main/photos/1311pl-5-belyy_02.jpg https://raw.githubusercontent.com/Mitsuya196/usveta-photos/main/photos/1311pl-5-belyy_03.jpg
1311ПЛ-5 Прозрачный;1311ПЛ-5 Прозрачный;Плафоны;https://raw.githubusercontent.com/Mitsuya196/usveta-photos/main/photos/1311pl-5-prozrachnyy_01.jpg https://raw.githubusercontent.com/Mitsuya196/usveta-photos/main/photos/1311pl-5-prozrachnyy_02.jpg https://raw.githubusercontent.com/Mitsuya196/usveta-photos/main/photos/1311pl-5-prozrachnyy_03.jpg
1406ПЛ-3 Белый;1406ПЛ-3 Белый;Плафоны;https://raw.githubusercontent.com/Mitsuya196/usveta-photos/main/photos/1406pl-3-belyy_01.jpg https://raw.githubusercontent.com/Mitsuya196/usveta-photos/main/photos/1406pl-3-belyy_02.jpg https://raw.githubusercontent.com/Mitsuya196/usveta-photos/main/photos/1406pl-3-belyy_03.jpg
1406ПЛ-3 Зеленый;1406ПЛ-3 Зеленый;Плафоны;https://raw.githubusercontent.com/Mitsuya196/usveta-photos/main/photos/1406pl-3-zelenyy_01.jpg https://raw.githubusercontent.com/Mitsuya196/usveta-photos/main/photos/1406pl-3-zelenyy_02.jpg
1406ПЛ-3 Розовый;1406ПЛ-3 Розовый;Плафоны;https://raw.githubusercontent.com/Mitsuya196/usveta-photos/main/photos/1406pl-3-rozovyy_01.jpg https://raw.githubusercontent.com/Mitsuya196/usveta-photos/main/photos/1406pl-3-rozovyy_02.jpg
1406ПЛ-3 Синий;1406ПЛ-3 Синий;Плафоны;https://raw.githubusercontent.com/Mitsuya196/usveta-photos/main/photos/1406pl-3-siniy_01.jpg https://raw.githubusercontent.com/Mitsuya196/usveta-photos/main/photos/1406pl-3-siniy_02.jpg
1406ПЛ-3 прозрачный;1406ПЛ-3 прозрачный;Плафоны;https://raw.githubusercontent.com/Mitsuya196/usveta-photos/main/photos/1406pl-3-prozrachnyy_01.jpg https://raw.githubusercontent.com/Mitsuya196/usveta-photos/main/photos/1406pl-3-prozrachnyy_02.jpg https://raw.githubusercontent.com/Mitsuya196/usveta-photos/main/photos/1406pl-3-prozrachnyy_03.jpg https://raw.githubusercontent.com/Mitsuya196/usveta-photos/main/photos/1406pl-3-prozrachnyy_04.jpg
1406ПЛ-5 Зеленый;1406ПЛ-5 Зеленый;Плафоны;https://raw.githubusercontent.com/Mitsuya196/usveta-photos/main/photos/1406pl-5-zelenyy_01.jpg https://raw.githubusercontent.com/Mitsuya196/usveta-photos/main/photos/1406pl-5-zelenyy_02.jpg
1406ПЛ-5 Коричневый;1406ПЛ-5 Коричневый;Плафоны;https://raw.githubusercontent.com/Mitsuya196/usveta-photos/main/photos/1406pl-5-korichnevyy_01.jpg https://raw.githubusercontent.com/Mitsuya196/usveta-photos/main/photos/1406pl-5-korichnevyy_02.jpg https://raw.githubusercontent.com/Mitsuya196/usveta-photos/main/photos/1406pl-5-korichnevyy_03.jpg
1406ПЛ-5 Прозрачный;1406ПЛ-5 Прозрачный;Плафоны;https://raw.githubusercontent.com/Mitsuya196/usveta-photos/main/photos/1406pl-5-prozrachnyy_01.jpg https://raw.githubusercontent.com/Mitsuya196/usveta-photos/main/photos/1406pl-5-prozrachnyy_02.jpg https://raw.githubusercontent.com/Mitsuya196/usveta-photos/main/photos/1406pl-5-prozrachnyy_03.jpg https://raw.githubusercontent.com/Mitsuya196/usveta-photos/main/photos/1406pl-5-prozrachnyy_04.jpg
1406ПЛ-5 Розовый;1406ПЛ-5 Розовый;Плафоны;https://raw.githubusercontent.com/Mitsuya196/usveta-photos/main/photos/1406pl-5-rozovyy_01.jpg https://raw.githubusercontent.com/Mitsuya196/usveta-photos/main/photos/1406pl-5-rozovyy_02.jpg
1406ПЛ-5 Синий;1406ПЛ-5 Синий;Плафоны;https://raw.githubusercontent.com/Mitsuya196/usveta-photos/main/photos/1406pl-5-siniy_01.jpg https://raw.githubusercontent.com/Mitsuya196/usveta-photos/main/photos/1406pl-5-siniy_02.jpg
1513ПЛ-3 Коричневый;1513ПЛ-3 Коричневый;Плафоны;https://raw.githubusercontent.com/Mitsuya196/usveta-photos/main/photos/1513pl-3-korichnevyy_01.jpg https://raw.githubusercontent.com/Mitsuya196/usveta-photos/main/photos/1513pl-3-korichnevyy_02.jpg https://raw.githubusercontent.com/Mitsuya196/usveta-photos/main/photos/1513pl-3-korichnevyy_03.jpg https://raw.githubusercontent.com/Mitsuya196/usveta-photos/main/photos/1513pl-3-korichnevyy_04.jpg
1513ПЛ-3 Прозрачный;1513ПЛ-3 Прозрачный;Плафоны;https://raw.githubusercontent.com/Mitsuya196/usveta-photos/main/photos/1513pl-3-prozrachnyy_01.jpg https://raw.githubusercontent.com/Mitsuya196/usveta-photos/main/photos/1513pl-3-prozrachnyy_02.jpg https://raw.githubusercontent.com/Mitsuya196/usveta-photos/main/photos/1513pl-3-prozrachnyy_03.jpg https://raw.githubusercontent.com/Mitsuya196/usveta-photos/main/photos/1513pl-3-prozrachnyy_04.jpg
